{
  "source": "DWPose ONNX Runtime (CPU)",
  "model": "dw-ll_ucoco_384.onnx",
  "inference_time_sec": 0.07,
  "image_size": {
    "w": 720,
    "h": 610
  },
  "keypoints_raw": {
    "nose": {
      "x": 411.25,
      "y": 328.828125,
      "score": 0.6872430443763733
    },
    "left_eye": {
      "x": 477.5,
      "y": 263.6979166666667,
      "score": 0.7770567536354065
    },
    "right_eye": {
      "x": 343.75,
      "y": 246.22395833333334,
      "score": 0.7307379841804504
    },
    "left_ear": {
      "x": 537.5,
      "y": 296.26302083333337,
      "score": 0.5889360904693604
    },
    "right_ear": {
      "x": 227.5,
      "y": 261.3151041666667,
      "score": 0.5078079700469971
    },
    "left_shoulder": {
      "x": 635.0,
      "y": 609.2057291666667,
      "score": 0.4994392991065979
    },
    "right_shoulder": {
      "x": 0.0,
      "y": 609.2057291666667,
      "score": 0.5013278722763062
    },
    "left_elbow": {
      "x": 718.75,
      "y": 609.2057291666667,
      "score": 0.21702457964420319
    },
    "right_elbow": {
      "x": 0.0,
      "y": 609.2057291666667,
      "score": 0.15790912508964539
    },
    "left_wrist": {
      "x": 718.75,
      "y": 609.2057291666667,
      "score": 0.18612994253635406
    },
    "right_wrist": {
      "x": 718.75,
      "y": 609.2057291666667,
      "score": 0.1490241438150406
    },
    "left_hip": {
      "x": 437.5,
      "y": 609.2057291666667,
      "score": 0.1780811846256256
    },
    "right_hip": {
      "x": 243.75,
      "y": 609.2057291666667,
      "score": 0.23098012804985046
    },
    "neck": {
      "x": 317.5,
      "y": 609.2057291666667,
      "score": 0.4994392991065979
    }
  },
  "joints_stretchy": {
    "head": {
      "x": 0.5711805555555556,
      "y": 0.5390625,
      "score": 0.6872430443763733
    },
    "eyeL": {
      "x": 0.6631944444444444,
      "y": 0.4322916666666667,
      "score": 0.7770567536354065
    },
    "eyeR": {
      "x": 0.4774305555555556,
      "y": 0.40364583333333337,
      "score": 0.7307379841804504
    },
    "earL": {
      "x": 0.7465277777777778,
      "y": 0.48567708333333337,
      "score": 0.5889360904693604
    },
    "earR": {
      "x": 0.3159722222222222,
      "y": 0.4283854166666667,
      "score": 0.5078079700469971
    },
    "neck": {
      "x": 0.4409722222222222,
      "y": 0.9986979166666667,
      "score": 0.4994392991065979
    },
    "shoulderL": {
      "x": 0.8819444444444444,
      "y": 0.9986979166666667,
      "score": 0.4994392991065979
    },
    "shoulderR": {
      "x": 0.0,
      "y": 0.9986979166666667,
      "score": 0.5013278722763062
    }
  }
}